Workbook

Sheet  Student _ Data
A1: Column1 | B1: Column2 | C1: Column3 | D1: Column4 | E1: Column5 | F1: Column6 | G1: Column7 | H1: Column8 | I1: Column9 | J1: Column10 | K1: Column11 | L1: Column12
A2: Full Name | C2: First Name | D2: Last Name | E2: Class | F2: Roll No | G2: City | H2: Maths | I2: English | J2: Science | K2: Total | L2: Remark
A3: Abhishek Sharma | C3: Abhishek | D3: Sharma | E3: Btech | F3: 1 | G3: Hyderbaad | H3: =RANDBETWEEN(20,40) -> 22 | I3: =RANDBETWEEN(50,100) -> 67 | J3: =RANDBETWEEN(0, 100) -> 55 | K3: =SUM(H3:J3) -> 144 | L3: =IF(' Student _ Data'!K3>120,"Pass","Fail") -> Pass
A4: Sanju Samson | C4: Sanju | D4: Samson | E4: Btech | F4: 2 | G4: Chennai | H4: =RANDBETWEEN(20,40) -> 33 | I4: =RANDBETWEEN(50,100) -> 83 | J4: =RANDBETWEEN(0, 100) -> 71 | K4: =SUM(H4:J4) -> 187 | L4: =IF(' Student _ Data'!K4>120,"Pass","Fail") -> Pass
A5: Ishan Kishan | C5: Ishan | D5: Kishan | E5: Btech | F5: 3 | G5: Hyderbaad | H5: =RANDBETWEEN(20,40) -> 22 | I5: =RANDBETWEEN(50,100) -> 71 | J5: =RANDBETWEEN(0, 100) -> 96 | K5: =SUM(H5:J5) -> 189 | L5: =IF(' Student _ Data'!K5>120,"Pass","Fail") -> Pass | N5: no of people belong to same city
A6: Surya Kumar Yadav | C6: Surya | D6: Yadav | E6: Btech | F6: 4 | G6: Mumbai | H6: =RANDBETWEEN(20,40) -> 28 | I6: =RANDBETWEEN(50,100) -> 53 | J6: =RANDBETWEEN(0, 100) -> 34 | K6: =SUM(H6:J6) -> 115 | L6: =IF(' Student _ Data'!K6>120,"Pass","Fail") -> Fail | N6: =COUNTIF(G3:G17, "Kolkata") -> 3
A7: Rinku Singh | C7: Rinku | D7: Singh | E7: Btech | F7: 5 | G7: Kolkata | H7: =RANDBETWEEN(20,40) -> 32 | I7: =RANDBETWEEN(50,100) -> 52 | J7: =RANDBETWEEN(0, 100) -> 10 | K7: =SUM(H7:J7) -> 94 | L7: =IF(' Student _ Data'!K7>120,"Pass","Fail") -> Fail
A8: Hardik Panadaya | C8: Hardik | D8: Panadaya | E8: Btech | F8: 6 | G8: Mumbai | H8: =RANDBETWEEN(20,40) -> 29 | I8: =RANDBETWEEN(50,100) -> 96 | J8: =RANDBETWEEN(0, 100) -> 28 | K8: =SUM(H8:J8) -> 153 | L8: =IF(' Student _ Data'!K8>120,"Pass","Fail") -> Pass | N8: pass | O8: =COUNTIF(L3:L17,"pass") -> 12
A9: Shivam Dube | C9: Shivam | D9: Dube | E9: Btech | F9: 7 | G9: Chennai | H9: =RANDBETWEEN(20,40) -> 28 | I9: =RANDBETWEEN(50,100) -> 96 | J9: =RANDBETWEEN(0, 100) -> 37 | K9: =SUM(H9:J9) -> 161 | L9: =IF(' Student _ Data'!K9>120,"Pass","Fail") -> Pass | N9: FAIL | O9: =COUNTIF(L4:L18,"pass") -> 11
A10: Axar Patel | C10: Axar | D10: Patel | E10: Btech | F10: 8 | G10: Delhi | H10: =RANDBETWEEN(20,40) -> 40 | I10: =RANDBETWEEN(50,100) -> 50 | J10: =RANDBETWEEN(0, 100) -> 100 | K10: =SUM(H10:J10) -> 190 | L10: =IF(' Student _ Data'!K10>120,"Pass","Fail") -> Pass
A11: Kuldeep Yadav | C11: Kuldeep | D11: Yadav | E11: Btech | F11: 9 | G11: Delhi | H11: =RANDBETWEEN(20,40) -> 33 | I11: =RANDBETWEEN(50,100) -> 57 | J11: =RANDBETWEEN(0, 100) -> 45 | K11: =SUM(H11:J11) -> 135 | L11: =IF(' Student _ Data'!K11>120,"Pass","Fail") -> Pass
A12: Varun Charkarty | C12: Varun | D12: Charkarty | E12: Btech | F12: 10 | G12: Kolkata | H12: =RANDBETWEEN(20,40) -> 39 | I12: =RANDBETWEEN(50,100) -> 57 | J12: =RANDBETWEEN(0, 100) -> 55 | K12: =SUM(H12:J12) -> 151 | L12: =IF(' Student _ Data'!K12>120,"Pass","Fail") -> Pass
A13: Jasprit Bumrah | C13: Jasprit | D13: Bumrah | E13: Btech | F13: 11 | G13: Mumbai | H13: =RANDBETWEEN(20,40) -> 26 | I13: =RANDBETWEEN(50,100) -> 70 | J13: =RANDBETWEEN(0, 100) -> 25 | K13: =SUM(H13:J13) -> 121 | L13: =IF(' Student _ Data'!K13>120,"Pass","Fail") -> Pass
A14: Harshit Rana | C14: Harshit | D14: Rana | E14: Btech | F14: 12 | G14: Kolkata | H14: =RANDBETWEEN(20,40) -> 24 | I14: =RANDBETWEEN(50,100) -> 52 | J14: =RANDBETWEEN(0, 100) -> 83 | K14: =SUM(H14:J14) -> 159 | L14: =IF(' Student _ Data'!K14>120,"Pass","Fail") -> Pass
A15: Arshdeep Singh | C15: Arshdeep | D15: Singh | E15: Btech | F15: 13 | G15: Punjab | H15: =RANDBETWEEN(20,40) -> 32 | I15: =RANDBETWEEN(50,100) -> 69 | J15: =RANDBETWEEN(0, 100) -> 62 | K15: =SUM(H15:J15) -> 163 | L15: =IF(' Student _ Data'!K15>120,"Pass","Fail") -> Pass
A16: Tilak Verma | C16: Tilak | D16: Verma | E16: Btech | F16: 14 | G16: Mumbai | H16: =RANDBETWEEN(20,40) -> 22 | I16: =RANDBETWEEN(50,100) -> 84 | J16: =RANDBETWEEN(0, 100) -> 88 | K16: =SUM(H16:J16) -> 194 | L16: =IF(' Student _ Data'!K16>120,"Pass","Fail") -> Pass
A17: Washington Sundar | C17: Washington | D17: sundar | E17: Btech | F17: 15 | G17: Chennai | H17: =RANDBETWEEN(20,40) -> 38 | I17: =RANDBETWEEN(50,100) -> 69 | J17: =RANDBETWEEN(0, 100) -> 1 | K17: =SUM(H17:J17) -> 108 | L17: =IF(' Student _ Data'!K17>120,"Pass","Fail") -> Fail

Sheet Marks _ Analysis
A1: Column1 | B1: Column2 | C1: Column3 | D1: Column4 | E1: Column5 | F1: Column6 | G1: Column7 | H1: Column8 | I1: Column9 | J1: Column10 | K1: Column11 | L1: Column12 | M1: Column13
A2: Full Name | C2: First Name | D2: Last Name | E2: Class | F2: Roll No | G2: City | H2: Maths | I2: English | J2: Science | K2: Total | L2: Remark | M2: Average
A3: Abhishek Sharma | C3: Abhishek | D3: Sharma | E3: 9 | F3: 1 | G3: Hyderbaad | H3: =RANDBETWEEN(20,40) -> 35 | I3: =RANDBETWEEN(50,100) -> 87 | J3: =RANDBETWEEN(0, 100) -> 8 | K3: =SUM(H3:J3) -> 130 | L3: =IF(' Student _ Data'!K3>120,"Pass","Fail") -> Pass | M3: =AVERAGE(H3:J3) -> 43.333333
A4: Sanju Samson | C4: Sanju | D4: Samson | E4: 9 | F4: 2 | G4: Chennai | H4: =RANDBETWEEN(20,40) -> 35 | I4: =RANDBETWEEN(50,100) -> 67 | J4: =RANDBETWEEN(0, 100) -> 53 | K4: =SUM(H4:J4) -> 155 | L4: =IF(' Student _ Data'!K4>120,"Pass","Fail") -> Pass | M4: =AVERAGE(H3:J4) -> 47.5
A5: Ishan Kishan | C5: Ishan | D5: Kishan | E5: 9 | F5: 3 | G5: Hyderbaad | H5: =RANDBETWEEN(20,40) -> 35 | I5: =RANDBETWEEN(50,100) -> 69 | J5: =RANDBETWEEN(0, 100) -> 73 | K5: =SUM(H5:J5) -> 177 | L5: =IF(' Student _ Data'!K5>120,"Pass","Fail") -> Pass | M5: =AVERAGE(H4:J5) -> 55.333333
A6: Surya Kumar Yadav | C6: Surya | D6: Yadav | E6: 9 | F6: 4 | G6: Mumbai | H6: =RANDBETWEEN(20,40) -> 34 | I6: =RANDBETWEEN(50,100) -> 77 | J6: =RANDBETWEEN(0, 100) -> 22 | K6: =SUM(H6:J6) -> 133 | L6: =IF(' Student _ Data'!K6>120,"Pass","Fail") -> Fail | M6: =AVERAGE(H5:J6) -> 51.666667
A7: Rinku Singh | C7: Rinku | D7: Singh | E7: 9 | F7: 5 | G7: Kolkata | H7: =RANDBETWEEN(20,40) -> 25 | I7: =RANDBETWEEN(50,100) -> 56 | J7: =RANDBETWEEN(0, 100) -> 86 | K7: =SUM(H7:J7) -> 167 | L7: =IF(' Student _ Data'!K7>120,"Pass","Fail") -> Fail | M7: =AVERAGE(H6:J7) -> 50
A8: Hardik Panadaya | C8: Hardik | D8: Panadaya | E8: 9 | F8: 6 | G8: Mumbai | H8: =RANDBETWEEN(20,40) -> 30 | I8: =RANDBETWEEN(50,100) -> 82 | J8: =RANDBETWEEN(0, 100) -> 27 | K8: =SUM(H8:J8) -> 139 | L8: =IF(' Student _ Data'!K8>120,"Pass","Fail") -> Pass | M8: =AVERAGE(H7:J8) -> 51
A9: Shivam Dube | C9: Shivam | D9: Dube | E9: 9 | F9: 7 | G9: Chennai | H9: =RANDBETWEEN(20,40) -> 30 | I9: =RANDBETWEEN(50,100) -> 85 | J9: =RANDBETWEEN(0, 100) -> 65 | K9: =SUM(H9:J9) -> 180 | L9: =IF(' Student _ Data'!K9>120,"Pass","Fail") -> Pass | M9: =AVERAGE(H8:J9) -> 53.166667
A10: Axar Patel | C10: Axar | D10: Patel | E10: 9 | F10: 8 | G10: Delhi | H10: =RANDBETWEEN(20,40) -> 31 | I10: =RANDBETWEEN(50,100) -> 59 | J10: =RANDBETWEEN(0, 100) -> 65 | K10: =SUM(H10:J10) -> 155 | L10: =IF(' Student _ Data'!K10>120,"Pass","Fail") -> Pass | M10: =AVERAGE(H9:J10) -> 55.833333
A11: Kuldeep Yadav | C11: Kuldeep | D11: Yadav | E11: 9 | F11: 9 | G11: Delhi | H11: =RANDBETWEEN(20,40) -> 39 | I11: =RANDBETWEEN(50,100) -> 58 | J11: =RANDBETWEEN(0, 100) -> 53 | K11: =SUM(H11:J11) -> 150 | L11: =IF(' Student _ Data'!K11>120,"Pass","Fail") -> Pass | M11: =AVERAGE(H10:J11) -> 50.833333
A12: Varun Charkarty | C12: Varun | D12: Charkarty | E12: 9 | F12: 10 | G12: Kolkata | H12: =RANDBETWEEN(20,40) -> 27 | I12: =RANDBETWEEN(50,100) -> 89 | J12: =RANDBETWEEN(0, 100) -> 9 | K12: =SUM(H12:J12) -> 125 | L12: =IF(' Student _ Data'!K12>120,"Pass","Fail") -> Pass | M12: =AVERAGE(H11:J12) -> 45.833333
A13: Jasprit Bumrah | C13: Jasprit | D13: Bumrah | E13: 9 | F13: 11 | G13: Mumbai | H13: =RANDBETWEEN(20,40) -> 27 | I13: =RANDBETWEEN(50,100) -> 53 | J13: =RANDBETWEEN(0, 100) -> 36 | K13: =SUM(H13:J13) -> 116 | L13: =IF(' Student _ Data'!K13>120,"Pass","Fail") -> Pass | M13: =AVERAGE(H12:J13) -> 40.166667
A14: Harshit Rana | C14: Harshit | D14: Rana | E14: 9 | F14: 12 | G14: Kolkata | H14: =RANDBETWEEN(20,40) -> 28 | I14: =RANDBETWEEN(50,100) -> 50 | J14: =RANDBETWEEN(0, 100) -> 65 | K14: =SUM(H14:J14) -> 143 | L14: =IF(' Student _ Data'!K14>120,"Pass","Fail") -> Pass | M14: =AVERAGE(H13:J14) -> 43.166667
A15: Arshdeep Singh | C15: Arshdeep | D15: Singh | E15: 9 | F15: 13 | G15: Punjab | H15: =RANDBETWEEN(20,40) -> 24 | I15: =RANDBETWEEN(50,100) -> 56 | J15: =RANDBETWEEN(0, 100) -> 5 | K15: =SUM(H15:J15) -> 85 | L15: =IF(' Student _ Data'!K15>120,"Pass","Fail") -> Pass | M15: =AVERAGE(H14:J15) -> 38
... A17: Washington Sundar | C17: Washington | D17: sundar | E17: 9 | F17: 15 | G17: Chennai | H17: =RANDBETWEEN(20,40) -> 32 | I17: =RANDBETWEEN(50,100) -> 60 | J17: =RANDBETWEEN(0, 100) -> 73 | K17: =SUM(H17:J17) -> 165 | L17: =IF(' Student _ Data'!K17>120,"Pass","Fail") -> Fail | M17: =AVERAGE(H16:J17) -> 56
A21: max | C21: min
A22: =MAX(K2:K17) -> 180 | C22: =MIN(K2:K17) -> 85

Sheet Charts
